Timestamp,CPU_Model,CPU_Cores,CPU_Usage,Mem_Total,Mem_Used,Mem_Percent,Disk_Percent,Temp,GPU_Name
<<<<<<< HEAD
20251215_180246,AMD Ryzen 7 7435HS                             ,16,0,23.82,19.39,81.40,98,N/A,NVIDIA GeForce RTX 2050
20251215_180253,AMD Ryzen 7 7435HS                             ,16,14.11,23.82,19.47,81.74,98,N/A,NVIDIA GeForce RTX 2050
20251215_180300,AMD Ryzen 7 7435HS                             ,16,14.95,23.82,19.52,81.95,98,N/A,NVIDIA GeForce RTX 2050
20251215_180308,AMD Ryzen 7 7435HS                             ,16,14.09,23.82,19.54,82.03,98,N/A,NVIDIA GeForce RTX 2050
20251215_180315,AMD Ryzen 7 7435HS                             ,16,14.93,23.82,19.63,82.41,98,N/A,NVIDIA GeForce RTX 2050
20251215_180323,AMD Ryzen 7 7435HS                             ,16,15.86,23.82,19.71,82.75,98,N/A,NVIDIA GeForce RTX 2050
20251215_180331,AMD Ryzen 7 7435HS                             ,16,0,23.82,19.49,81.82,98,N/A,NVIDIA GeForce RTX 2050
20251215_180556,AMD Ryzen 7 7435HS                             ,16,0,23.82,19.46,81.70,98,N/A,NVIDIA GeForce RTX 2050
20251215_180603,AMD Ryzen 7 7435HS                             ,16,12.68,23.82,19.50,81.86,98,N/A,NVIDIA GeForce RTX 2050
20251215_185355,AMD Ryzen 7 7435HS                             ,16,0,23.82,16.76,70.36,98,N/A,NVIDIA GeForce RTX 2050
20251215_185402,AMD Ryzen 7 7435HS                             ,16,16.02,23.82,16.83,70.65,98,N/A,NVIDIA GeForce RTX 2050
20251215_185410,AMD Ryzen 7 7435HS                             ,16,15.79,23.82,16.92,71.03,98,N/A,NVIDIA GeForce RTX 2050
20251215_185417,AMD Ryzen 7 7435HS                             ,16,13.37,23.82,16.87,70.82,98,N/A,NVIDIA GeForce RTX 2050
20251215_185425,AMD Ryzen 7 7435HS                             ,16,13.45,23.82,16.94,71.12,98,N/A,NVIDIA GeForce RTX 2050
20251215_185432,AMD Ryzen 7 7435HS                             ,16,15.66,23.82,17.00,71.37,98,N/A,NVIDIA GeForce RTX 2050
20251215_185440,AMD Ryzen 7 7435HS                             ,16,14.18,23.82,17.06,71.62,98,N/A,NVIDIA GeForce RTX 2050
20251215_185449,AMD Ryzen 7 7435HS                             ,16,14.62,23.82,16.88,70.86,98,N/A,NVIDIA GeForce RTX 2050
20251215_185457,AMD Ryzen 7 7435HS                             ,16,17.02,23.82,16.96,71.20,98,N/A,NVIDIA GeForce RTX 2050
20251215_185505,AMD Ryzen 7 7435HS                             ,16,22.15,23.82,16.93,71.07,98,N/A,NVIDIA GeForce RTX 2050
20251215_185514,AMD Ryzen 7 7435HS                             ,16,20.04,23.82,17.02,71.45,98,N/A,NVIDIA GeForce RTX 2050
20251215_185522,AMD Ryzen 7 7435HS                             ,16,18.86,23.82,16.86,70.78,98,N/A,NVIDIA GeForce RTX 2050
20251215_185531,AMD Ryzen 7 7435HS                             ,16,19.05,23.82,16.92,71.03,98,N/A,NVIDIA GeForce RTX 2050
20251215_185539,AMD Ryzen 7 7435HS                             ,16,15.61,23.82,17.03,71.49,98,N/A,NVIDIA GeForce RTX 2050
20251215_185547,AMD Ryzen 7 7435HS                             ,16,15.74,23.82,17.10,71.79,98,N/A,NVIDIA GeForce RTX 2050
20251215_185556,AMD Ryzen 7 7435HS                             ,16,15.09,23.82,16.87,70.82,98,N/A,NVIDIA GeForce RTX 2050
20251215_185604,AMD Ryzen 7 7435HS                             ,16,15.66,23.82,16.92,71.03,98,N/A,NVIDIA GeForce RTX 2050
20251215_185612,AMD Ryzen 7 7435HS                             ,16,14.01,23.82,16.94,71.12,98,N/A,NVIDIA GeForce RTX 2050
20251215_185621,AMD Ryzen 7 7435HS                             ,16,14.97,23.82,16.82,70.61,98,N/A,NVIDIA GeForce RTX 2050
20251215_185629,AMD Ryzen 7 7435HS                             ,16,14.24,23.82,16.83,70.65,98,N/A,NVIDIA GeForce RTX 2050
20251215_185637,AMD Ryzen 7 7435HS                             ,16,15.01,23.82,16.90,70.95,98,N/A,NVIDIA GeForce RTX 2050
20251215_185646,AMD Ryzen 7 7435HS                             ,16,15.21,23.82,16.97,71.24,98,N/A,NVIDIA GeForce RTX 2050
20251215_185654,AMD Ryzen 7 7435HS                             ,16,13.05,23.82,16.81,70.57,98,N/A,NVIDIA GeForce RTX 2050
20251215_185703,AMD Ryzen 7 7435HS                             ,16,14.10,23.82,16.88,70.86,98,N/A,NVIDIA GeForce RTX 2050
20251215_185711,AMD Ryzen 7 7435HS                             ,16,14.50,23.82,16.96,71.20,98,N/A,NVIDIA GeForce RTX 2050
20251215_185720,AMD Ryzen 7 7435HS                             ,16,16.28,23.82,17.04,71.54,98,N/A,NVIDIA GeForce RTX 2050
20251215_185728,AMD Ryzen 7 7435HS                             ,16,16.94,23.82,16.84,70.70,98,N/A,NVIDIA GeForce RTX 2050
20251215_185736,AMD Ryzen 7 7435HS                             ,16,14.33,23.82,16.91,70.99,98,N/A,NVIDIA GeForce RTX 2050
20251215_185745,AMD Ryzen 7 7435HS                             ,16,12.91,23.82,16.98,71.28,98,N/A,NVIDIA GeForce RTX 2050
20251215_185753,AMD Ryzen 7 7435HS                             ,16,14.00,23.82,17.10,71.79,98,N/A,NVIDIA GeForce RTX 2050
20251215_185801,AMD Ryzen 7 7435HS                             ,16,14.61,23.82,16.90,70.95,98,N/A,NVIDIA GeForce RTX 2050
20251215_185810,AMD Ryzen 7 7435HS                             ,16,14.02,23.82,16.97,71.24,98,N/A,NVIDIA GeForce RTX 2050
20251215_185818,AMD Ryzen 7 7435HS                             ,16,16.44,23.82,17.04,71.54,98,N/A,NVIDIA GeForce RTX 2050
20251215_185827,AMD Ryzen 7 7435HS                             ,16,16.24,23.82,16.92,71.03,98,N/A,NVIDIA GeForce RTX 2050
20251215_185835,AMD Ryzen 7 7435HS                             ,16,13.53,23.82,16.92,71.03,98,N/A,NVIDIA GeForce RTX 2050
20251215_185843,AMD Ryzen 7 7435HS                             ,16,15.03,23.82,17.00,71.37,98,N/A,NVIDIA GeForce RTX 2050
20251215_185852,AMD Ryzen 7 7435HS                             ,16,13.83,23.82,17.06,71.62,98,N/A,NVIDIA GeForce RTX 2050
20251215_185900,AMD Ryzen 7 7435HS                             ,16,14.93,23.82,16.87,70.82,98,N/A,NVIDIA GeForce RTX 2050
20251215_185909,AMD Ryzen 7 7435HS                             ,16,16.83,23.82,16.93,71.07,98,N/A,NVIDIA GeForce RTX 2050
20251215_185917,AMD Ryzen 7 7435HS                             ,16,15.37,23.82,16.99,71.33,98,N/A,NVIDIA GeForce RTX 2050
20251215_185925,AMD Ryzen 7 7435HS                             ,16,13.68,23.82,17.08,71.70,98,N/A,NVIDIA GeForce RTX 2050
20251215_185934,AMD Ryzen 7 7435HS                             ,16,14.39,23.82,16.87,70.82,98,N/A,NVIDIA GeForce RTX 2050
20251215_185942,AMD Ryzen 7 7435HS                             ,16,14.58,23.82,16.93,71.07,98,N/A,NVIDIA GeForce RTX 2050
20251215_185951,AMD Ryzen 7 7435HS                             ,16,14.49,23.82,17.02,71.45,98,N/A,NVIDIA GeForce RTX 2050
20251215_185959,AMD Ryzen 7 7435HS                             ,16,14.99,23.82,16.86,70.78,98,N/A,NVIDIA GeForce RTX 2050
20251215_190007,AMD Ryzen 7 7435HS                             ,16,23.89,23.82,15.96,67.00,98,N/A,NVIDIA GeForce RTX 2050
20251215_190016,AMD Ryzen 7 7435HS                             ,16,27.32,23.82,15.71,65.95,98,N/A,NVIDIA GeForce RTX 2050
20251215_190025,AMD Ryzen 7 7435HS                             ,16,20.87,23.82,16.23,68.14,98,N/A,NVIDIA GeForce RTX 2050
20251215_190033,AMD Ryzen 7 7435HS                             ,16,31.81,23.82,17.43,73.17,98,N/A,NVIDIA GeForce RTX 2050
20251215_190042,AMD Ryzen 7 7435HS                             ,16,26.93,23.82,17.37,72.92,98,N/A,NVIDIA GeForce RTX 2050
20251215_190050,AMD Ryzen 7 7435HS                             ,16,21.33,23.82,17.55,73.68,98,N/A,NVIDIA GeForce RTX 2050
20251215_190059,AMD Ryzen 7 7435HS                             ,16,24.74,23.82,17.54,73.64,98,N/A,NVIDIA GeForce RTX 2050
20251215_190107,AMD Ryzen 7 7435HS                             ,16,22.65,23.82,17.32,72.71,98,N/A,NVIDIA GeForce RTX 2050
20251215_190116,AMD Ryzen 7 7435HS                             ,16,22.07,23.82,17.41,73.09,98,N/A,NVIDIA GeForce RTX 2050
20251215_190124,AMD Ryzen 7 7435HS                             ,16,14.80,23.82,17.54,73.64,98,N/A,NVIDIA GeForce RTX 2050
20251215_190133,AMD Ryzen 7 7435HS                             ,16,18.82,23.82,17.53,73.59,98,N/A,NVIDIA GeForce RTX 2050
20251215_190141,AMD Ryzen 7 7435HS                             ,16,22.31,23.82,17.61,73.93,98,N/A,NVIDIA GeForce RTX 2050
20251215_190150,AMD Ryzen 7 7435HS                             ,16,21.30,23.82,17.67,74.18,98,N/A,NVIDIA GeForce RTX 2050
20251215_190158,AMD Ryzen 7 7435HS                             ,16,18.85,23.82,17.71,74.35,98,N/A,NVIDIA GeForce RTX 2050
20251215_190206,AMD Ryzen 7 7435HS                             ,16,19.51,23.82,17.51,73.51,98,N/A,NVIDIA GeForce RTX 2050
20251215_190215,AMD Ryzen 7 7435HS                             ,16,18.12,23.82,17.40,73.05,98,N/A,NVIDIA GeForce RTX 2050
20251215_190223,AMD Ryzen 7 7435HS                             ,16,18.36,23.82,17.48,73.38,98,N/A,NVIDIA GeForce RTX 2050
20251215_190232,AMD Ryzen 7 7435HS                             ,16,19.15,23.82,17.46,73.30,98,N/A,NVIDIA GeForce RTX 2050
20251215_190240,AMD Ryzen 7 7435HS                             ,16,18.95,23.82,17.38,72.96,98,N/A,NVIDIA GeForce RTX 2050
20251215_190249,AMD Ryzen 7 7435HS                             ,16,17.59,23.82,17.38,72.96,98,N/A,NVIDIA GeForce RTX 2050
20251215_190257,AMD Ryzen 7 7435HS                             ,16,19.15,23.82,17.52,73.55,98,N/A,NVIDIA GeForce RTX 2050
20251215_190306,AMD Ryzen 7 7435HS                             ,16,15.90,23.82,17.40,73.05,98,N/A,NVIDIA GeForce RTX 2050
20251215_190314,AMD Ryzen 7 7435HS                             ,16,20.48,23.82,17.49,73.43,98,N/A,NVIDIA GeForce RTX 2050
20251215_190323,AMD Ryzen 7 7435HS                             ,16,22.81,23.82,17.56,73.72,98,N/A,NVIDIA GeForce RTX 2050
20251215_190331,AMD Ryzen 7 7435HS                             ,16,22.16,23.82,17.73,74.43,98,N/A,NVIDIA GeForce RTX 2050
20251215_190340,AMD Ryzen 7 7435HS                             ,16,19.34,23.82,17.52,73.55,98,N/A,NVIDIA GeForce RTX 2050
20251215_190348,AMD Ryzen 7 7435HS                             ,16,14.13,23.82,17.57,73.76,98,N/A,NVIDIA GeForce RTX 2050
20251215_190357,AMD Ryzen 7 7435HS                             ,16,14.43,23.82,17.63,74.01,98,N/A,NVIDIA GeForce RTX 2050
20251215_190405,AMD Ryzen 7 7435HS                             ,16,16.16,23.82,17.52,73.55,98,N/A,NVIDIA GeForce RTX 2050
20251215_190414,AMD Ryzen 7 7435HS                             ,16,17.78,23.82,17.47,73.34,98,N/A,NVIDIA GeForce RTX 2050
20251215_190422,AMD Ryzen 7 7435HS                             ,16,19.33,23.82,17.51,73.51,98,N/A,NVIDIA GeForce RTX 2050
20251215_190430,AMD Ryzen 7 7435HS                             ,16,17.45,23.82,17.57,73.76,98,N/A,NVIDIA GeForce RTX 2050
20251215_190439,AMD Ryzen 7 7435HS                             ,16,16.57,23.82,17.47,73.34,98,N/A,NVIDIA GeForce RTX 2050
20251215_190447,AMD Ryzen 7 7435HS                             ,16,34.05,23.82,20.02,84.05,98,N/A,NVIDIA GeForce RTX 2050
20251215_190456,AMD Ryzen 7 7435HS                             ,16,18.09,23.82,19.35,81.23,98,N/A,NVIDIA GeForce RTX 2050
20251215_190504,AMD Ryzen 7 7435HS                             ,16,17.23,23.82,19.32,81.11,98,N/A,NVIDIA GeForce RTX 2050
20251215_190513,AMD Ryzen 7 7435HS                             ,16,19.37,23.82,19.15,80.39,98,N/A,NVIDIA GeForce RTX 2050
20251215_190521,AMD Ryzen 7 7435HS                             ,16,20.37,23.82,19.22,80.69,98,N/A,NVIDIA GeForce RTX 2050
20251215_190530,AMD Ryzen 7 7435HS                             ,16,15.24,23.82,19.28,80.94,98,N/A,NVIDIA GeForce RTX 2050
20251215_190538,AMD Ryzen 7 7435HS                             ,16,18.39,23.82,19.30,81.02,98,N/A,NVIDIA GeForce RTX 2050
20251215_190547,AMD Ryzen 7 7435HS                             ,16,16.96,23.82,19.08,80.10,98,N/A,NVIDIA GeForce RTX 2050
20251215_190555,AMD Ryzen 7 7435HS                             ,16,28.49,23.82,19.19,80.56,98,N/A,NVIDIA GeForce RTX 2050
20251215_190604,AMD Ryzen 7 7435HS                             ,16,23.26,23.82,19.22,80.69,98,N/A,NVIDIA GeForce RTX 2050
20251215_190612,AMD Ryzen 7 7435HS                             ,16,17.14,23.82,19.10,80.18,98,N/A,NVIDIA GeForce RTX 2050
20251215_190621,AMD Ryzen 7 7435HS                             ,16,15.94,23.82,19.19,80.56,98,N/A,NVIDIA GeForce RTX 2050
20251215_190629,AMD Ryzen 7 7435HS                             ,16,15.39,23.82,19.27,80.90,98,N/A,NVIDIA GeForce RTX 2050
20251215_190637,AMD Ryzen 7 7435HS                             ,16,15.76,23.82,19.34,81.19,98,N/A,NVIDIA GeForce RTX 2050
20251215_190646,AMD Ryzen 7 7435HS                             ,16,18.39,23.82,19.16,80.44,98,N/A,NVIDIA GeForce RTX 2050
20251215_190654,AMD Ryzen 7 7435HS                             ,16,18.32,23.82,19.21,80.65,98,N/A,NVIDIA GeForce RTX 2050
20251215_190703,AMD Ryzen 7 7435HS                             ,16,22.62,23.82,19.36,81.28,98,N/A,NVIDIA GeForce RTX 2050
20251215_190711,AMD Ryzen 7 7435HS                             ,16,16.59,23.82,19.28,80.94,98,N/A,NVIDIA GeForce RTX 2050
20251215_190720,AMD Ryzen 7 7435HS                             ,16,18.40,23.82,19.34,81.19,98,N/A,NVIDIA GeForce RTX 2050
20251215_190728,AMD Ryzen 7 7435HS                             ,16,21.74,23.82,19.49,81.82,98,N/A,NVIDIA GeForce RTX 2050
20251215_190737,AMD Ryzen 7 7435HS                             ,16,25.48,23.82,19.49,81.82,98,N/A,NVIDIA GeForce RTX 2050
20251215_190745,AMD Ryzen 7 7435HS                             ,16,19.37,23.82,19.23,80.73,98,N/A,NVIDIA GeForce RTX 2050
20251215_190754,AMD Ryzen 7 7435HS                             ,16,21.64,23.82,19.31,81.07,98,N/A,NVIDIA GeForce RTX 2050
20251215_190802,AMD Ryzen 7 7435HS                             ,16,19.91,23.82,19.39,81.40,98,N/A,NVIDIA GeForce RTX 2050
20251215_190811,AMD Ryzen 7 7435HS                             ,16,15.69,23.82,19.37,81.32,98,N/A,NVIDIA GeForce RTX 2050
20251215_190819,AMD Ryzen 7 7435HS                             ,16,18.38,23.82,19.20,80.60,98,N/A,NVIDIA GeForce RTX 2050
20251215_190828,AMD Ryzen 7 7435HS                             ,16,16.96,23.82,19.27,80.90,98,N/A,NVIDIA GeForce RTX 2050
20251215_190836,AMD Ryzen 7 7435HS                             ,16,18.04,23.82,19.30,81.02,98,N/A,NVIDIA GeForce RTX 2050
20251215_190844,AMD Ryzen 7 7435HS                             ,16,17.92,23.82,19.35,81.23,98,N/A,NVIDIA GeForce RTX 2050
20251215_190853,AMD Ryzen 7 7435HS                             ,16,16.48,23.82,19.19,80.56,98,N/A,NVIDIA GeForce RTX 2050
20251215_190901,AMD Ryzen 7 7435HS                             ,16,18.52,23.82,19.30,81.02,98,N/A,NVIDIA GeForce RTX 2050
20251215_190910,AMD Ryzen 7 7435HS                             ,16,21.14,23.82,19.40,81.44,98,N/A,NVIDIA GeForce RTX 2050
20251215_190918,AMD Ryzen 7 7435HS                             ,16,21.99,23.82,19.25,80.81,98,N/A,NVIDIA GeForce RTX 2050
20251215_190927,AMD Ryzen 7 7435HS                             ,16,21.81,23.82,19.33,81.15,98,N/A,NVIDIA GeForce RTX 2050
20251215_190935,AMD Ryzen 7 7435HS                             ,16,21.37,23.82,19.60,82.28,98,N/A,NVIDIA GeForce RTX 2050
20251215_190943,AMD Ryzen 7 7435HS                             ,16,14.23,23.82,19.65,82.49,98,N/A,NVIDIA GeForce RTX 2050
20251215_190951,AMD Ryzen 7 7435HS                             ,16,13.19,23.82,19.45,81.65,98,N/A,NVIDIA GeForce RTX 2050
20251215_191000,AMD Ryzen 7 7435HS                             ,16,12.55,23.82,19.49,81.82,98,N/A,NVIDIA GeForce RTX 2050
20251215_191008,AMD Ryzen 7 7435HS                             ,16,15.43,23.82,19.15,80.39,98,N/A,NVIDIA GeForce RTX 2050
20251215_191016,AMD Ryzen 7 7435HS                             ,16,15.30,23.82,19.14,80.35,98,N/A,NVIDIA GeForce RTX 2050
20251215_191025,AMD Ryzen 7 7435HS                             ,16,16.21,23.82,18.95,79.55,98,N/A,NVIDIA GeForce RTX 2050
20251215_191033,AMD Ryzen 7 7435HS                             ,16,22.31,23.82,19.10,80.18,98,N/A,NVIDIA GeForce RTX 2050
20251215_191041,AMD Ryzen 7 7435HS                             ,16,15.43,23.82,19.10,80.18,98,N/A,NVIDIA GeForce RTX 2050
20251215_191050,AMD Ryzen 7 7435HS                             ,16,12.97,23.82,19.05,79.97,98,N/A,NVIDIA GeForce RTX 2050
20251215_191058,AMD Ryzen 7 7435HS                             ,16,12.45,23.82,19.01,79.81,98,N/A,NVIDIA GeForce RTX 2050
20251215_191106,AMD Ryzen 7 7435HS                             ,16,15.51,23.82,19.22,80.69,98,N/A,NVIDIA GeForce RTX 2050
20251215_191114,AMD Ryzen 7 7435HS                             ,16,18.05,23.82,18.15,76.20,98,N/A,NVIDIA GeForce RTX 2050
20251215_191123,AMD Ryzen 7 7435HS                             ,16,12.84,23.82,18.03,75.69,98,N/A,NVIDIA GeForce RTX 2050
20251215_191131,AMD Ryzen 7 7435HS                             ,16,12.80,23.82,18.13,76.11,98,N/A,NVIDIA GeForce RTX 2050
20251215_191139,AMD Ryzen 7 7435HS                             ,16,12.78,23.82,18.15,76.20,98,N/A,NVIDIA GeForce RTX 2050
20251215_191148,AMD Ryzen 7 7435HS                             ,16,12.86,23.82,18.23,76.53,98,N/A,NVIDIA GeForce RTX 2050
20251215_191156,AMD Ryzen 7 7435HS                             ,16,13.11,23.82,18.06,75.82,98,N/A,NVIDIA GeForce RTX 2050
20251215_191204,AMD Ryzen 7 7435HS                             ,16,12.02,23.82,18.12,76.07,98,N/A,NVIDIA GeForce RTX 2050
20251215_191212,AMD Ryzen 7 7435HS                             ,16,15.48,23.82,18.24,76.57,98,N/A,NVIDIA GeForce RTX 2050
20251215_191221,AMD Ryzen 7 7435HS                             ,16,12.25,23.82,18.20,76.41,98,N/A,NVIDIA GeForce RTX 2050
20251215_191229,AMD Ryzen 7 7435HS                             ,16,16.13,23.82,18.05,75.78,98,N/A,NVIDIA GeForce RTX 2050
20251215_191237,AMD Ryzen 7 7435HS                             ,16,16.61,23.82,18.11,76.03,98,N/A,NVIDIA GeForce RTX 2050
20251215_191246,AMD Ryzen 7 7435HS                             ,16,11.78,23.82,18.15,76.20,98,N/A,NVIDIA GeForce RTX 2050
20251215_191254,AMD Ryzen 7 7435HS                             ,16,13.61,23.82,18.04,75.73,98,N/A,NVIDIA GeForce RTX 2050
20251215_191302,AMD Ryzen 7 7435HS                             ,16,12.34,23.82,18.05,75.78,98,N/A,NVIDIA GeForce RTX 2050
20251215_191310,AMD Ryzen 7 7435HS                             ,16,12.97,23.82,18.13,76.11,98,N/A,NVIDIA GeForce RTX 2050
20251215_191319,AMD Ryzen 7 7435HS                             ,16,12.58,23.82,18.21,76.45,98,N/A,NVIDIA GeForce RTX 2050
20251215_191327,AMD Ryzen 7 7435HS                             ,16,13.97,23.82,18.04,75.73,98,N/A,NVIDIA GeForce RTX 2050
20251215_191335,AMD Ryzen 7 7435HS                             ,16,12.30,23.82,18.09,75.94,98,N/A,NVIDIA GeForce RTX 2050
20251215_191343,AMD Ryzen 7 7435HS                             ,16,13.51,23.82,18.14,76.15,98,N/A,NVIDIA GeForce RTX 2050
20251215_191352,AMD Ryzen 7 7435HS                             ,16,13.27,23.82,18.22,76.49,98,N/A,NVIDIA GeForce RTX 2050
20251215_191400,AMD Ryzen 7 7435HS                             ,16,13.28,23.82,18.04,75.73,98,N/A,NVIDIA GeForce RTX 2050
20251215_191408,AMD Ryzen 7 7435HS                             ,16,14.22,23.82,18.14,76.15,98,N/A,NVIDIA GeForce RTX 2050
20251215_191416,AMD Ryzen 7 7435HS                             ,16,13.03,23.82,18.21,76.45,98,N/A,NVIDIA GeForce RTX 2050
20251215_191425,AMD Ryzen 7 7435HS                             ,16,12.13,23.82,18.27,76.70,98,N/A,NVIDIA GeForce RTX 2050
20251215_191433,AMD Ryzen 7 7435HS                             ,16,13.17,23.82,18.10,75.99,98,N/A,NVIDIA GeForce RTX 2050
20251215_191441,AMD Ryzen 7 7435HS                             ,16,14.21,23.82,18.10,75.99,98,N/A,NVIDIA GeForce RTX 2050
20251215_193215,AMD Ryzen 7 7435HS                             ,16,1.37,23.82,18.55,77.88,98,N/A,NVIDIA GeForce RTX 2050
20251215_193224,AMD Ryzen 7 7435HS                             ,16,47.70,23.82,18.76,78.76,98,N/A,NVIDIA GeForce RTX 2050
20251215_193233,AMD Ryzen 7 7435HS                             ,16,23.84,23.82,18.92,79.43,98,N/A,NVIDIA GeForce RTX 2050
20251215_193242,AMD Ryzen 7 7435HS                             ,16,23.87,23.82,18.73,78.63,98,N/A,NVIDIA GeForce RTX 2050
20251215_193250,AMD Ryzen 7 7435HS                             ,16,24.47,23.82,18.93,79.47,98,N/A,NVIDIA GeForce RTX 2050
20251215_193259,AMD Ryzen 7 7435HS                             ,16,21.07,23.82,18.99,79.72,98,N/A,NVIDIA GeForce RTX 2050
20251215_193307,AMD Ryzen 7 7435HS                             ,16,22.92,23.82,19.03,79.89,98,N/A,NVIDIA GeForce RTX 2050
20251215_193316,AMD Ryzen 7 7435HS                             ,16,20.65,23.82,18.85,79.14,98,N/A,NVIDIA GeForce RTX 2050
20251215_193324,AMD Ryzen 7 7435HS                             ,16,20.50,23.82,18.89,79.30,98,N/A,NVIDIA GeForce RTX 2050
20251215_193333,AMD Ryzen 7 7435HS                             ,16,17.60,23.82,18.92,79.43,98,N/A,NVIDIA GeForce RTX 2050
20251215_193341,AMD Ryzen 7 7435HS                             ,16,20.52,23.82,19.02,79.85,98,N/A,NVIDIA GeForce RTX 2050
20251215_193350,AMD Ryzen 7 7435HS                             ,16,17.80,23.82,18.71,78.55,98,N/A,NVIDIA GeForce RTX 2050
20251215_193358,AMD Ryzen 7 7435HS                             ,16,18.57,23.82,18.79,78.88,98,N/A,NVIDIA GeForce RTX 2050
20251215_193407,AMD Ryzen 7 7435HS                             ,16,17.46,23.82,18.84,79.09,98,N/A,NVIDIA GeForce RTX 2050
20251215_193415,AMD Ryzen 7 7435HS                             ,16,18.83,23.82,18.73,78.63,98,N/A,NVIDIA GeForce RTX 2050
20251215_193424,AMD Ryzen 7 7435HS                             ,16,14.93,23.82,18.72,78.59,98,N/A,NVIDIA GeForce RTX 2050
20251215_193432,AMD Ryzen 7 7435HS                             ,16,15.58,23.82,18.76,78.76,98,N/A,NVIDIA GeForce RTX 2050
20251215_193441,AMD Ryzen 7 7435HS                             ,16,14.45,23.82,18.81,78.97,98,N/A,NVIDIA GeForce RTX 2050
20251215_193449,AMD Ryzen 7 7435HS                             ,16,16.03,23.82,18.63,78.21,98,N/A,NVIDIA GeForce RTX 2050
20251215_193457,AMD Ryzen 7 7435HS                             ,16,16.57,23.82,18.66,78.34,98,N/A,NVIDIA GeForce RTX 2050
20251215_193506,AMD Ryzen 7 7435HS                             ,16,18.89,23.82,18.78,78.84,98,N/A,NVIDIA GeForce RTX 2050
20251215_193514,AMD Ryzen 7 7435HS                             ,16,14.87,23.82,18.82,79.01,98,N/A,NVIDIA GeForce RTX 2050
20251215_193523,AMD Ryzen 7 7435HS                             ,16,15.57,23.82,18.80,78.93,98,N/A,NVIDIA GeForce RTX 2050
20251215_193531,AMD Ryzen 7 7435HS                             ,16,14.68,23.82,18.86,79.18,98,N/A,NVIDIA GeForce RTX 2050
20251215_193540,AMD Ryzen 7 7435HS                             ,16,15.60,23.82,18.92,79.43,98,N/A,NVIDIA GeForce RTX 2050
20251215_193548,AMD Ryzen 7 7435HS                             ,16,17.75,23.82,18.76,78.76,98,N/A,NVIDIA GeForce RTX 2050
20251215_193556,AMD Ryzen 7 7435HS                             ,16,18.01,23.82,18.79,78.88,98,N/A,NVIDIA GeForce RTX 2050
20251215_193605,AMD Ryzen 7 7435HS                             ,16,16.27,23.82,18.89,79.30,98,N/A,NVIDIA GeForce RTX 2050
20251215_193613,AMD Ryzen 7 7435HS                             ,16,16.21,23.82,18.86,79.18,98,N/A,NVIDIA GeForce RTX 2050
20251215_193622,AMD Ryzen 7 7435HS                             ,16,14.58,23.82,18.70,78.51,98,N/A,NVIDIA GeForce RTX 2050
20251215_193630,AMD Ryzen 7 7435HS                             ,16,13.84,23.82,18.76,78.76,98,N/A,NVIDIA GeForce RTX 2050
20251215_193638,AMD Ryzen 7 7435HS                             ,16,16.09,23.82,18.85,79.14,98,N/A,NVIDIA GeForce RTX 2050
20251215_193647,AMD Ryzen 7 7435HS                             ,16,18.49,23.82,18.90,79.35,98,N/A,NVIDIA GeForce RTX 2050
20251215_193655,AMD Ryzen 7 7435HS                             ,16,15.44,23.82,18.70,78.51,98,N/A,NVIDIA GeForce RTX 2050
20251215_193704,AMD Ryzen 7 7435HS                             ,16,14.91,23.82,18.77,78.80,98,N/A,NVIDIA GeForce RTX 2050
20251215_193712,AMD Ryzen 7 7435HS                             ,16,13.82,23.82,18.85,79.14,98,N/A,NVIDIA GeForce RTX 2050
20251215_193721,AMD Ryzen 7 7435HS                             ,16,16.82,23.82,18.76,78.76,98,N/A,NVIDIA GeForce RTX 2050
20251215_193729,AMD Ryzen 7 7435HS                             ,16,15.23,23.82,18.79,78.88,98,N/A,NVIDIA GeForce RTX 2050
20251215_193737,AMD Ryzen 7 7435HS                             ,16,17.54,23.82,18.83,79.05,98,N/A,NVIDIA GeForce RTX 2050
20251215_193746,AMD Ryzen 7 7435HS                             ,16,16.42,23.82,18.86,79.18,98,N/A,NVIDIA GeForce RTX 2050
20251215_193754,AMD Ryzen 7 7435HS                             ,16,14.15,23.82,18.70,78.51,98,N/A,NVIDIA GeForce RTX 2050
20251215_193803,AMD Ryzen 7 7435HS                             ,16,13.72,23.82,18.79,78.88,98,N/A,NVIDIA GeForce RTX 2050
20251215_193811,AMD Ryzen 7 7435HS                             ,16,15.21,23.82,18.85,79.14,98,N/A,NVIDIA GeForce RTX 2050
20251215_193820,AMD Ryzen 7 7435HS                             ,16,23.37,23.82,18.96,79.60,98,N/A,NVIDIA GeForce RTX 2050
20251215_193828,AMD Ryzen 7 7435HS                             ,16,17.37,23.82,18.78,78.84,98,N/A,NVIDIA GeForce RTX 2050
20251215_193836,AMD Ryzen 7 7435HS                             ,16,17.08,23.82,18.82,79.01,98,N/A,NVIDIA GeForce RTX 2050
20251215_193845,AMD Ryzen 7 7435HS                             ,16,13.79,23.82,18.89,79.30,98,N/A,NVIDIA GeForce RTX 2050
20251215_193853,AMD Ryzen 7 7435HS                             ,16,14.70,23.82,18.81,78.97,98,N/A,NVIDIA GeForce RTX 2050
20251215_193902,AMD Ryzen 7 7435HS                             ,16,14.16,23.82,18.76,78.76,98,N/A,NVIDIA GeForce RTX 2050
20251215_193910,AMD Ryzen 7 7435HS                             ,16,15.63,23.82,18.86,79.18,98,N/A,NVIDIA GeForce RTX 2050
20251215_193918,AMD Ryzen 7 7435HS                             ,16,16.01,23.82,18.89,79.30,98,N/A,NVIDIA GeForce RTX 2050
20251215_193927,AMD Ryzen 7 7435HS                             ,16,17.80,23.82,18.77,78.80,98,N/A,NVIDIA GeForce RTX 2050
20251215_193935,AMD Ryzen 7 7435HS                             ,16,15.13,23.82,18.85,79.14,98,N/A,NVIDIA GeForce RTX 2050
20251215_193943,AMD Ryzen 7 7435HS                             ,16,14.08,23.82,18.81,78.97,98,N/A,NVIDIA GeForce RTX 2050
20251215_193952,AMD Ryzen 7 7435HS                             ,16,14.84,23.82,18.89,79.30,98,N/A,NVIDIA GeForce RTX 2050
20251215_194000,AMD Ryzen 7 7435HS                             ,16,15.12,23.82,18.70,78.51,98,N/A,NVIDIA GeForce RTX 2050
20251215_194009,AMD Ryzen 7 7435HS                             ,16,16.96,23.82,18.78,78.84,98,N/A,NVIDIA GeForce RTX 2050
20251215_194017,AMD Ryzen 7 7435HS                             ,16,19.38,23.82,18.85,79.14,98,N/A,NVIDIA GeForce RTX 2050
20251215_194025,AMD Ryzen 7 7435HS                             ,16,14.98,23.82,18.92,79.43,98,N/A,NVIDIA GeForce RTX 2050
20251215_194034,AMD Ryzen 7 7435HS                             ,16,14.96,23.82,18.51,77.71,98,N/A,NVIDIA GeForce RTX 2050
20251215_194042,AMD Ryzen 7 7435HS                             ,16,14.82,23.82,18.56,77.92,98,N/A,NVIDIA GeForce RTX 2050
20251215_194050,AMD Ryzen 7 7435HS                             ,16,14.50,23.82,18.65,78.30,98,N/A,NVIDIA GeForce RTX 2050
20251215_194059,AMD Ryzen 7 7435HS                             ,16,18.51,23.82,18.50,77.67,98,N/A,NVIDIA GeForce RTX 2050
20251215_194107,AMD Ryzen 7 7435HS                             ,16,17.73,23.82,18.54,77.83,98,N/A,NVIDIA GeForce RTX 2050
20251215_194115,AMD Ryzen 7 7435HS                             ,16,15.91,23.82,18.61,78.13,98,N/A,NVIDIA GeForce RTX 2050
20251215_194124,AMD Ryzen 7 7435HS                             ,16,13.29,23.82,18.68,78.42,98,N/A,NVIDIA GeForce RTX 2050
20251215_194132,AMD Ryzen 7 7435HS                             ,16,14.43,23.82,18.52,77.75,98,N/A,NVIDIA GeForce RTX 2050
20251215_194141,AMD Ryzen 7 7435HS                             ,16,14.64,23.82,18.58,78.00,98,N/A,NVIDIA GeForce RTX 2050
20251215_194149,AMD Ryzen 7 7435HS                             ,16,15.25,23.82,18.66,78.34,98,N/A,NVIDIA GeForce RTX 2050
20251215_194157,AMD Ryzen 7 7435HS                             ,16,17.43,23.82,18.73,78.63,98,N/A,NVIDIA GeForce RTX 2050
20251215_194206,AMD Ryzen 7 7435HS                             ,16,19.77,23.82,18.69,78.46,98,N/A,NVIDIA GeForce RTX 2050
20251215_194214,AMD Ryzen 7 7435HS                             ,16,17.29,23.82,18.23,76.53,98,N/A,NVIDIA GeForce RTX 2050
20251215_194222,AMD Ryzen 7 7435HS                             ,16,14.75,23.82,18.30,76.83,98,N/A,NVIDIA GeForce RTX 2050
20251215_194231,AMD Ryzen 7 7435HS                             ,16,14.65,23.82,18.19,76.36,98,N/A,NVIDIA GeForce RTX 2050
20251215_194239,AMD Ryzen 7 7435HS                             ,16,15.44,23.82,18.22,76.49,98,N/A,NVIDIA GeForce RTX 2050
20251215_194247,AMD Ryzen 7 7435HS                             ,16,17.49,23.82,18.30,76.83,98,N/A,NVIDIA GeForce RTX 2050
20251215_194256,AMD Ryzen 7 7435HS                             ,16,16.61,23.82,18.36,77.08,98,N/A,NVIDIA GeForce RTX 2050
20251215_194304,AMD Ryzen 7 7435HS                             ,16,15.75,23.82,18.20,76.41,98,N/A,NVIDIA GeForce RTX 2050
20251215_194312,AMD Ryzen 7 7435HS                             ,16,13.93,23.82,18.26,76.66,98,N/A,NVIDIA GeForce RTX 2050
20251215_194321,AMD Ryzen 7 7435HS                             ,16,13.70,23.82,18.31,76.87,98,N/A,NVIDIA GeForce RTX 2050
20251215_194329,AMD Ryzen 7 7435HS                             ,16,14.98,23.82,18.40,77.25,98,N/A,NVIDIA GeForce RTX 2050
20251215_194337,AMD Ryzen 7 7435HS                             ,16,16.64,23.82,18.18,76.32,98,N/A,NVIDIA GeForce RTX 2050
20251215_194346,AMD Ryzen 7 7435HS                             ,16,18.81,23.82,18.25,76.62,98,N/A,NVIDIA GeForce RTX 2050
20251215_194354,AMD Ryzen 7 7435HS                             ,16,13.56,23.82,18.33,76.95,98,N/A,NVIDIA GeForce RTX 2050
20251215_194403,AMD Ryzen 7 7435HS                             ,16,15.08,23.82,18.34,76.99,98,N/A,NVIDIA GeForce RTX 2050
20251215_194411,AMD Ryzen 7 7435HS                             ,16,14.87,23.82,18.22,76.49,98,N/A,NVIDIA GeForce RTX 2050
20251215_194419,AMD Ryzen 7 7435HS                             ,16,16.13,23.82,18.27,76.70,98,N/A,NVIDIA GeForce RTX 2050
20251215_194428,AMD Ryzen 7 7435HS                             ,16,16.97,23.82,18.37,77.12,98,N/A,NVIDIA GeForce RTX 2050
20251215_194436,AMD Ryzen 7 7435HS                             ,16,18.74,23.82,18.20,76.41,98,N/A,NVIDIA GeForce RTX 2050
20251215_194444,AMD Ryzen 7 7435HS                             ,16,15.11,23.82,18.26,76.66,98,N/A,NVIDIA GeForce RTX 2050
20251215_194453,AMD Ryzen 7 7435HS                             ,16,14.32,23.82,18.35,77.04,98,N/A,NVIDIA GeForce RTX 2050
20251215_194501,AMD Ryzen 7 7435HS                             ,16,13.89,23.82,18.39,77.20,98,N/A,NVIDIA GeForce RTX 2050
20251215_194509,AMD Ryzen 7 7435HS                             ,16,15.20,23.82,18.24,76.57,98,N/A,NVIDIA GeForce RTX 2050
20251215_194518,AMD Ryzen 7 7435HS                             ,16,17.17,23.82,18.29,76.78,98,N/A,NVIDIA GeForce RTX 2050
20251215_194526,AMD Ryzen 7 7435HS                             ,16,18.67,23.82,18.36,77.08,98,N/A,NVIDIA GeForce RTX 2050
20251215_194534,AMD Ryzen 7 7435HS                             ,16,14.69,23.82,18.42,77.33,98,N/A,NVIDIA GeForce RTX 2050
20251215_194543,AMD Ryzen 7 7435HS                             ,16,16.07,23.82,18.30,76.83,98,N/A,NVIDIA GeForce RTX 2050
20251215_194551,AMD Ryzen 7 7435HS                             ,16,13.45,23.82,18.37,77.12,98,N/A,NVIDIA GeForce RTX 2050
20251215_194600,AMD Ryzen 7 7435HS                             ,16,13.60,23.82,18.41,77.29,98,N/A,NVIDIA GeForce RTX 2050
20251215_194608,AMD Ryzen 7 7435HS                             ,16,15.60,23.82,18.30,76.83,98,N/A,NVIDIA GeForce RTX 2050
20251215_194616,AMD Ryzen 7 7435HS                             ,16,17.92,23.82,18.28,76.74,98,N/A,NVIDIA GeForce RTX 2050
20251215_194625,AMD Ryzen 7 7435HS                             ,16,15.83,23.82,18.33,76.95,98,N/A,NVIDIA GeForce RTX 2050
20251215_194633,AMD Ryzen 7 7435HS                             ,16,15.18,23.82,18.44,77.41,98,N/A,NVIDIA GeForce RTX 2050
20251215_194641,AMD Ryzen 7 7435HS                             ,16,14.00,23.82,18.25,76.62,98,N/A,NVIDIA GeForce RTX 2050
20251215_194650,AMD Ryzen 7 7435HS                             ,16,15.77,23.82,18.33,76.95,98,N/A,NVIDIA GeForce RTX 2050
20251215_194658,AMD Ryzen 7 7435HS                             ,16,14.96,23.82,18.38,77.16,98,N/A,NVIDIA GeForce RTX 2050
20251215_194706,AMD Ryzen 7 7435HS                             ,16,17.07,23.82,18.46,77.50,98,N/A,NVIDIA GeForce RTX 2050
20251215_194715,AMD Ryzen 7 7435HS                             ,16,19.79,23.82,18.29,76.78,98,N/A,NVIDIA GeForce RTX 2050
20251215_194723,AMD Ryzen 7 7435HS                             ,16,14.49,23.82,18.35,77.04,98,N/A,NVIDIA GeForce RTX 2050
20251215_194732,AMD Ryzen 7 7435HS                             ,16,15.00,23.82,18.41,77.29,98,N/A,NVIDIA GeForce RTX 2050
20251215_194740,AMD Ryzen 7 7435HS                             ,16,15.50,23.82,18.45,77.46,98,N/A,NVIDIA GeForce RTX 2050
20251215_194748,AMD Ryzen 7 7435HS                             ,16,15.23,23.82,18.28,76.74,98,N/A,NVIDIA GeForce RTX 2050
20251215_194757,AMD Ryzen 7 7435HS                             ,16,17.17,23.82,18.36,77.08,98,N/A,NVIDIA GeForce RTX 2050
20251215_194805,AMD Ryzen 7 7435HS                             ,16,18.40,23.82,18.43,77.37,98,N/A,NVIDIA GeForce RTX 2050
20251215_194813,AMD Ryzen 7 7435HS                             ,16,15.34,23.82,18.33,76.95,98,N/A,NVIDIA GeForce RTX 2050
20251215_194822,AMD Ryzen 7 7435HS                             ,16,15.35,23.82,18.40,77.25,98,N/A,NVIDIA GeForce RTX 2050
20251215_194830,AMD Ryzen 7 7435HS                             ,16,14.10,23.82,18.47,77.54,98,N/A,NVIDIA GeForce RTX 2050
20251215_194838,AMD Ryzen 7 7435HS                             ,16,14.51,23.82,18.55,77.88,98,N/A,NVIDIA GeForce RTX 2050
20251215_194847,AMD Ryzen 7 7435HS                             ,16,19.19,23.82,18.41,77.29,98,N/A,NVIDIA GeForce RTX 2050
20251215_194855,AMD Ryzen 7 7435HS                             ,16,16.87,23.82,18.49,77.62,98,N/A,NVIDIA GeForce RTX 2050
20251215_194903,AMD Ryzen 7 7435HS                             ,16,14.91,23.82,18.53,77.79,98,N/A,NVIDIA GeForce RTX 2050
20251215_194912,AMD Ryzen 7 7435HS                             ,16,14.80,23.82,18.63,78.21,98,N/A,NVIDIA GeForce RTX 2050
20251215_194920,AMD Ryzen 7 7435HS                             ,16,14.80,23.82,18.37,77.12,98,N/A,NVIDIA GeForce RTX 2050
20251215_194928,AMD Ryzen 7 7435HS                             ,16,14.68,23.82,18.41,77.29,98,N/A,NVIDIA GeForce RTX 2050
20251215_194937,AMD Ryzen 7 7435HS                             ,16,17.70,23.82,18.52,77.75,98,N/A,NVIDIA GeForce RTX 2050
20251215_194945,AMD Ryzen 7 7435HS                             ,16,18.48,23.82,18.32,76.91,98,N/A,NVIDIA GeForce RTX 2050
20251215_194953,AMD Ryzen 7 7435HS                             ,16,15.66,23.82,18.39,77.20,98,N/A,NVIDIA GeForce RTX 2050
20251215_195002,AMD Ryzen 7 7435HS                             ,16,15.30,23.82,18.43,77.37,98,N/A,NVIDIA GeForce RTX 2050
20251215_195010,AMD Ryzen 7 7435HS                             ,16,13.88,23.82,18.52,77.75,98,N/A,NVIDIA GeForce RTX 2050
20251215_195018,AMD Ryzen 7 7435HS                             ,16,15.84,23.82,18.32,76.91,98,N/A,NVIDIA GeForce RTX 2050
20251215_195027,AMD Ryzen 7 7435HS                             ,16,14.98,23.82,18.37,77.12,98,N/A,NVIDIA GeForce RTX 2050
20251215_195035,AMD Ryzen 7 7435HS                             ,16,17.40,23.82,18.40,77.25,98,N/A,NVIDIA GeForce RTX 2050
20251215_195044,AMD Ryzen 7 7435HS                             ,16,17.66,23.82,18.47,77.54,98,N/A,NVIDIA GeForce RTX 2050
20251215_195052,AMD Ryzen 7 7435HS                             ,16,14.70,23.82,18.29,76.78,98,N/A,NVIDIA GeForce RTX 2050
20251215_195100,AMD Ryzen 7 7435HS                             ,16,14.87,23.82,18.33,76.95,98,N/A,NVIDIA GeForce RTX 2050
20251215_195109,AMD Ryzen 7 7435HS                             ,16,13.81,23.82,18.39,77.20,98,N/A,NVIDIA GeForce RTX 2050
20251215_195117,AMD Ryzen 7 7435HS                             ,16,15.39,23.82,18.34,76.99,98,N/A,NVIDIA GeForce RTX 2050
20251215_195125,AMD Ryzen 7 7435HS                             ,16,17.36,23.82,18.28,76.74,98,N/A,NVIDIA GeForce RTX 2050
20251215_195134,AMD Ryzen 7 7435HS                             ,16,17.61,23.82,18.37,77.12,98,N/A,NVIDIA GeForce RTX 2050
20251215_195142,AMD Ryzen 7 7435HS                             ,16,13.52,23.82,18.42,77.33,98,N/A,NVIDIA GeForce RTX 2050
20251215_195150,AMD Ryzen 7 7435HS                             ,16,14.94,23.82,18.28,76.74,98,N/A,NVIDIA GeForce RTX 2050
20251215_195159,AMD Ryzen 7 7435HS                             ,16,16.13,23.82,18.37,77.12,98,N/A,NVIDIA GeForce RTX 2050
20251215_195207,AMD Ryzen 7 7435HS                             ,16,15.94,23.82,18.44,77.41,98,N/A,NVIDIA GeForce RTX 2050
20251215_195215,AMD Ryzen 7 7435HS                             ,16,17.57,23.82,18.54,77.83,98,N/A,NVIDIA GeForce RTX 2050
20251215_195224,AMD Ryzen 7 7435HS                             ,16,19.31,23.82,18.34,76.99,98,N/A,NVIDIA GeForce RTX 2050
20251215_195232,AMD Ryzen 7 7435HS                             ,16,14.59,23.82,18.40,77.25,98,N/A,NVIDIA GeForce RTX 2050
20251215_195241,AMD Ryzen 7 7435HS                             ,16,14.55,23.82,18.46,77.50,98,N/A,NVIDIA GeForce RTX 2050
20251215_195249,AMD Ryzen 7 7435HS                             ,16,14.94,23.82,18.52,77.75,98,N/A,NVIDIA GeForce RTX 2050
20251215_195258,AMD Ryzen 7 7435HS                             ,16,17.62,23.82,18.40,77.25,98,N/A,NVIDIA GeForce RTX 2050
20251215_195306,AMD Ryzen 7 7435HS                             ,16,20.08,23.82,18.44,77.41,98,N/A,NVIDIA GeForce RTX 2050
20251215_195315,AMD Ryzen 7 7435HS                             ,16,22.50,23.82,18.57,77.96,98,N/A,NVIDIA GeForce RTX 2050
20251215_195323,AMD Ryzen 7 7435HS                             ,16,20.52,23.82,18.52,77.75,98,N/A,NVIDIA GeForce RTX 2050
20251215_195331,AMD Ryzen 7 7435HS                             ,16,16.09,23.82,18.48,77.58,98,N/A,NVIDIA GeForce RTX 2050
20251215_195340,AMD Ryzen 7 7435HS                             ,16,15.27,23.82,18.53,77.79,98,N/A,NVIDIA GeForce RTX 2050
20251215_195348,AMD Ryzen 7 7435HS                             ,16,15.93,23.82,18.56,77.92,98,N/A,NVIDIA GeForce RTX 2050
20251215_195357,AMD Ryzen 7 7435HS                             ,16,16.87,23.82,18.40,77.25,98,N/A,NVIDIA GeForce RTX 2050
20251215_195405,AMD Ryzen 7 7435HS                             ,16,18.37,23.82,18.45,77.46,98,N/A,NVIDIA GeForce RTX 2050
20251215_195414,AMD Ryzen 7 7435HS                             ,16,15.55,23.82,18.52,77.75,98,N/A,NVIDIA GeForce RTX 2050
20251215_195422,AMD Ryzen 7 7435HS                             ,16,13.99,23.82,18.58,78.00,98,N/A,NVIDIA GeForce RTX 2050
20251215_195430,AMD Ryzen 7 7435HS                             ,16,14.76,23.82,18.43,77.37,98,N/A,NVIDIA GeForce RTX 2050
20251215_195439,AMD Ryzen 7 7435HS                             ,16,15.90,23.82,18.50,77.67,98,N/A,NVIDIA GeForce RTX 2050
20251215_195447,AMD Ryzen 7 7435HS                             ,16,15.63,23.82,18.54,77.83,98,N/A,NVIDIA GeForce RTX 2050
20251215_195456,AMD Ryzen 7 7435HS                             ,16,17.42,23.82,18.39,77.20,98,N/A,NVIDIA GeForce RTX 2050
20251215_195504,AMD Ryzen 7 7435HS                             ,16,16.09,23.82,18.42,77.33,98,N/A,NVIDIA GeForce RTX 2050
20251215_195513,AMD Ryzen 7 7435HS                             ,16,14.33,23.82,18.50,77.67,98,N/A,NVIDIA GeForce RTX 2050
20251215_195521,AMD Ryzen 7 7435HS                             ,16,14.56,23.82,18.59,78.04,98,N/A,NVIDIA GeForce RTX 2050
20251215_195529,AMD Ryzen 7 7435HS                             ,16,14.61,23.82,18.39,77.20,98,N/A,NVIDIA GeForce RTX 2050
20251215_195538,AMD Ryzen 7 7435HS                             ,16,18.83,23.82,18.50,77.67,98,N/A,NVIDIA GeForce RTX 2050
20251215_195546,AMD Ryzen 7 7435HS                             ,16,17.20,23.82,18.54,77.83,98,N/A,NVIDIA GeForce RTX 2050
20251215_195555,AMD Ryzen 7 7435HS                             ,16,17.16,23.82,18.62,78.17,98,N/A,NVIDIA GeForce RTX 2050
20251215_195603,AMD Ryzen 7 7435HS                             ,16,15.05,23.82,18.40,77.25,98,N/A,NVIDIA GeForce RTX 2050
20251215_195611,AMD Ryzen 7 7435HS                             ,16,15.17,23.82,18.42,77.33,98,N/A,NVIDIA GeForce RTX 2050
20251215_195620,AMD Ryzen 7 7435HS                             ,16,15.98,23.82,18.59,78.04,98,N/A,NVIDIA GeForce RTX 2050
20251215_195628,AMD Ryzen 7 7435HS                             ,16,19.74,23.82,18.40,77.25,98,N/A,NVIDIA GeForce RTX 2050
20251215_195637,AMD Ryzen 7 7435HS                             ,16,15.96,23.82,18.49,77.62,98,N/A,NVIDIA GeForce RTX 2050
20251215_195645,AMD Ryzen 7 7435HS                             ,16,17.42,23.82,18.53,77.79,98,N/A,NVIDIA GeForce RTX 2050
20251215_195653,AMD Ryzen 7 7435HS                             ,16,13.94,23.82,18.61,78.13,98,N/A,NVIDIA GeForce RTX 2050
20251215_195702,AMD Ryzen 7 7435HS                             ,16,13.85,23.82,18.45,77.46,98,N/A,NVIDIA GeForce RTX 2050
20251215_195710,AMD Ryzen 7 7435HS                             ,16,16.66,23.82,18.66,78.34,98,N/A,NVIDIA GeForce RTX 2050
20251215_195719,AMD Ryzen 7 7435HS                             ,16,20.73,23.82,18.41,77.29,98,N/A,NVIDIA GeForce RTX 2050
20251215_195727,AMD Ryzen 7 7435HS                             ,16,16.68,23.82,18.46,77.50,98,N/A,NVIDIA GeForce RTX 2050
20251215_195736,AMD Ryzen 7 7435HS                             ,16,17.61,23.82,18.33,76.95,98,N/A,NVIDIA GeForce RTX 2050
20251215_195744,AMD Ryzen 7 7435HS                             ,16,15.87,23.82,18.40,77.25,98,N/A,NVIDIA GeForce RTX 2050
20251215_195752,AMD Ryzen 7 7435HS                             ,16,14.40,23.82,18.42,77.33,98,N/A,NVIDIA GeForce RTX 2050
20251215_195801,AMD Ryzen 7 7435HS                             ,16,13.94,23.82,18.31,76.87,98,N/A,NVIDIA GeForce RTX 2050
20251215_195809,AMD Ryzen 7 7435HS                             ,16,14.51,23.82,18.34,76.99,98,N/A,NVIDIA GeForce RTX 2050
20251215_195817,AMD Ryzen 7 7435HS                             ,16,15.28,23.82,18.44,77.41,98,N/A,NVIDIA GeForce RTX 2050
20251215_195826,AMD Ryzen 7 7435HS                             ,16,18.57,23.82,18.48,77.58,98,N/A,NVIDIA GeForce RTX 2050
20251215_195834,AMD Ryzen 7 7435HS                             ,16,15.66,23.82,18.36,77.08,98,N/A,NVIDIA GeForce RTX 2050
20251215_195843,AMD Ryzen 7 7435HS                             ,16,13.27,23.82,18.35,77.04,98,N/A,NVIDIA GeForce RTX 2050
20251215_195851,AMD Ryzen 7 7435HS                             ,16,14.96,23.82,18.41,77.29,98,N/A,NVIDIA GeForce RTX 2050
20251215_195859,AMD Ryzen 7 7435HS                             ,16,14.12,23.82,18.50,77.67,98,N/A,NVIDIA GeForce RTX 2050
20251215_195908,AMD Ryzen 7 7435HS                             ,16,16.09,23.82,18.31,76.87,98,N/A,NVIDIA GeForce RTX 2050
20251215_195916,AMD Ryzen 7 7435HS                             ,16,17.71,23.82,18.39,77.20,98,N/A,NVIDIA GeForce RTX 2050
20251215_195924,AMD Ryzen 7 7435HS                             ,16,17.48,23.82,18.45,77.46,98,N/A,NVIDIA GeForce RTX 2050
20251215_195933,AMD Ryzen 7 7435HS                             ,16,13.91,23.82,18.45,77.46,98,N/A,NVIDIA GeForce RTX 2050
20251215_195941,AMD Ryzen 7 7435HS                             ,16,14.17,23.82,18.34,76.99,98,N/A,NVIDIA GeForce RTX 2050
20251215_195949,AMD Ryzen 7 7435HS                             ,16,14.06,23.82,18.40,77.25,98,N/A,NVIDIA GeForce RTX 2050
20251215_195958,AMD Ryzen 7 7435HS                             ,16,14.77,23.82,18.46,77.50,98,N/A,NVIDIA GeForce RTX 2050
20251215_200006,AMD Ryzen 7 7435HS                             ,16,15.61,23.82,18.32,76.91,98,N/A,NVIDIA GeForce RTX 2050
20251215_200015,AMD Ryzen 7 7435HS                             ,16,16.78,23.82,18.34,76.99,98,N/A,NVIDIA GeForce RTX 2050
20251215_200023,AMD Ryzen 7 7435HS                             ,16,12.78,23.82,18.40,77.25,98,N/A,NVIDIA GeForce RTX 2050
20251215_200031,AMD Ryzen 7 7435HS                             ,16,13.16,23.82,18.46,77.50,98,N/A,NVIDIA GeForce RTX 2050
20251215_200040,AMD Ryzen 7 7435HS                             ,16,14.82,23.82,18.31,76.87,98,N/A,NVIDIA GeForce RTX 2050
20251215_200048,AMD Ryzen 7 7435HS                             ,16,13.52,23.82,18.34,76.99,98,N/A,NVIDIA GeForce RTX 2050
20251215_200057,AMD Ryzen 7 7435HS                             ,16,15.67,23.82,18.43,77.37,98,N/A,NVIDIA GeForce RTX 2050
20251215_200105,AMD Ryzen 7 7435HS                             ,16,14.84,23.82,18.46,77.50,98,N/A,NVIDIA GeForce RTX 2050
20251215_200114,AMD Ryzen 7 7435HS                             ,16,14.20,23.82,18.26,76.66,98,N/A,NVIDIA GeForce RTX 2050
20251215_200122,AMD Ryzen 7 7435HS                             ,16,15.19,23.82,18.41,77.29,98,N/A,NVIDIA GeForce RTX 2050
20251215_200130,AMD Ryzen 7 7435HS                             ,16,12.86,23.82,18.47,77.54,98,N/A,NVIDIA GeForce RTX 2050
20251215_200139,AMD Ryzen 7 7435HS                             ,16,14.39,23.82,18.36,77.08,98,N/A,NVIDIA GeForce RTX 2050
20251215_200147,AMD Ryzen 7 7435HS                             ,16,14.13,23.82,18.38,77.16,98,N/A,NVIDIA GeForce RTX 2050
20251215_200156,AMD Ryzen 7 7435HS                             ,16,15.72,23.82,18.45,77.46,98,N/A,NVIDIA GeForce RTX 2050
20251215_200204,AMD Ryzen 7 7435HS                             ,16,13.94,23.82,18.52,77.75,98,N/A,NVIDIA GeForce RTX 2050
20251215_200213,AMD Ryzen 7 7435HS                             ,16,15.63,23.82,18.37,77.12,98,N/A,NVIDIA GeForce RTX 2050
20251215_200221,AMD Ryzen 7 7435HS                             ,16,13.24,23.82,18.45,77.46,98,N/A,NVIDIA GeForce RTX 2050
20251215_200229,AMD Ryzen 7 7435HS                             ,16,13.83,23.82,18.49,77.62,98,N/A,NVIDIA GeForce RTX 2050
20251215_200238,AMD Ryzen 7 7435HS                             ,16,14.85,23.82,18.57,77.96,98,N/A,NVIDIA GeForce RTX 2050
20251215_200246,AMD Ryzen 7 7435HS                             ,16,16.88,23.82,18.35,77.04,98,N/A,NVIDIA GeForce RTX 2050
20251215_200255,AMD Ryzen 7 7435HS                             ,16,14.12,23.82,18.42,77.33,98,N/A,NVIDIA GeForce RTX 2050
20251215_200303,AMD Ryzen 7 7435HS                             ,16,14.37,23.82,18.48,77.58,98,N/A,NVIDIA GeForce RTX 2050
20251215_200311,AMD Ryzen 7 7435HS                             ,16,16.26,23.82,18.47,77.54,98,N/A,NVIDIA GeForce RTX 2050
20251215_200320,AMD Ryzen 7 7435HS                             ,16,14.17,23.82,18.50,77.67,98,N/A,NVIDIA GeForce RTX 2050
20251215_200328,AMD Ryzen 7 7435HS                             ,16,13.78,23.82,18.55,77.88,98,N/A,NVIDIA GeForce RTX 2050
20251215_200337,AMD Ryzen 7 7435HS                             ,16,14.78,23.82,18.65,78.30,98,N/A,NVIDIA GeForce RTX 2050
20251215_200345,AMD Ryzen 7 7435HS                             ,16,24.39,23.82,18.50,77.67,98,N/A,NVIDIA GeForce RTX 2050
20251215_200354,AMD Ryzen 7 7435HS                             ,16,13.92,23.82,18.54,77.83,98,N/A,NVIDIA GeForce RTX 2050
20251215_200402,AMD Ryzen 7 7435HS                             ,16,12.68,23.82,18.57,77.96,98,N/A,NVIDIA GeForce RTX 2050
20251215_200411,AMD Ryzen 7 7435HS                             ,16,14.27,23.82,18.62,78.17,98,N/A,NVIDIA GeForce RTX 2050
20251215_200419,AMD Ryzen 7 7435HS                             ,16,14.89,23.82,18.48,77.58,98,N/A,NVIDIA GeForce RTX 2050
20251215_200428,AMD Ryzen 7 7435HS                             ,16,16.78,23.82,18.57,77.96,98,N/A,NVIDIA GeForce RTX 2050
20251215_200436,AMD Ryzen 7 7435HS                             ,16,14.42,23.82,18.63,78.21,98,N/A,NVIDIA GeForce RTX 2050
20251215_200444,AMD Ryzen 7 7435HS                             ,16,19.73,23.82,18.65,78.30,98,N/A,NVIDIA GeForce RTX 2050
20251215_200453,AMD Ryzen 7 7435HS                             ,16,13.66,23.82,18.66,78.34,98,N/A,NVIDIA GeForce RTX 2050
20251215_200501,AMD Ryzen 7 7435HS                             ,16,12.62,23.82,18.41,77.29,98,N/A,NVIDIA GeForce RTX 2050
20251215_204143,AMD Ryzen 7 7435HS                             ,16,0.57,23.82,19.64,82.45,98,N/A,NVIDIA GeForce RTX 2050
20251215_204152,AMD Ryzen 7 7435HS                             ,16,27.23,23.82,19.88,83.46,98,N/A,NVIDIA GeForce RTX 2050
20251215_204200,AMD Ryzen 7 7435HS                             ,16,22.92,23.82,19.91,83.59,98,N/A,NVIDIA GeForce RTX 2050
20251215_204209,AMD Ryzen 7 7435HS                             ,16,23.36,23.82,19.76,82.96,98,N/A,NVIDIA GeForce RTX 2050
20251215_204217,AMD Ryzen 7 7435HS                             ,16,27.20,23.82,20.02,84.05,98,N/A,NVIDIA GeForce RTX 2050
20251215_204226,AMD Ryzen 7 7435HS                             ,16,27.91,23.82,20.03,84.09,98,N/A,NVIDIA GeForce RTX 2050
20251215_204235,AMD Ryzen 7 7435HS                             ,16,24.18,23.82,20.02,84.05,98,N/A,NVIDIA GeForce RTX 2050
20251215_204243,AMD Ryzen 7 7435HS                             ,16,25.20,23.82,20.12,84.47,98,N/A,NVIDIA GeForce RTX 2050
20251215_204252,AMD Ryzen 7 7435HS                             ,16,24.90,23.82,20.09,84.34,98,N/A,NVIDIA GeForce RTX 2050
20251215_204300,AMD Ryzen 7 7435HS                             ,16,21.66,23.82,20.08,84.30,98,N/A,NVIDIA GeForce RTX 2050
20251215_204309,AMD Ryzen 7 7435HS                             ,16,14.29,23.82,19.87,83.42,98,N/A,NVIDIA GeForce RTX 2050
20251215_204317,AMD Ryzen 7 7435HS                             ,16,24.72,23.82,20.07,84.26,98,N/A,NVIDIA GeForce RTX 2050
20251215_204326,AMD Ryzen 7 7435HS                             ,16,20.02,23.82,20.15,84.59,98,N/A,NVIDIA GeForce RTX 2050
20251215_204335,AMD Ryzen 7 7435HS                             ,16,23.99,23.82,19.92,83.63,98,N/A,NVIDIA GeForce RTX 2050
20251215_204343,AMD Ryzen 7 7435HS                             ,16,23.70,23.82,19.82,83.21,98,N/A,NVIDIA GeForce RTX 2050
20251215_204352,AMD Ryzen 7 7435HS                             ,16,15.82,23.82,19.87,83.42,98,N/A,NVIDIA GeForce RTX 2050
20251215_204400,AMD Ryzen 7 7435HS                             ,16,17.02,23.82,19.97,83.84,98,N/A,NVIDIA GeForce RTX 2050
20251215_204409,AMD Ryzen 7 7435HS                             ,16,21.88,23.82,19.94,83.71,98,N/A,NVIDIA GeForce RTX 2050
20251215_204418,AMD Ryzen 7 7435HS                             ,16,28.38,23.82,20.13,84.51,98,N/A,NVIDIA GeForce RTX 2050
20251215_204426,AMD Ryzen 7 7435HS                             ,16,24.31,23.82,20.20,84.80,98,N/A,NVIDIA GeForce RTX 2050
20251215_204435,AMD Ryzen 7 7435HS                             ,16,25.89,23.82,20.26,85.05,98,N/A,NVIDIA GeForce RTX 2050
20251215_204443,AMD Ryzen 7 7435HS                             ,16,24.73,23.82,20.04,84.13,98,N/A,NVIDIA GeForce RTX 2050
20251215_204452,AMD Ryzen 7 7435HS                             ,16,19.22,23.82,20.09,84.34,98,N/A,NVIDIA GeForce RTX 2050
20251215_204500,AMD Ryzen 7 7435HS                             ,16,22.09,23.82,20.19,84.76,98,N/A,NVIDIA GeForce RTX 2050
20251215_204509,AMD Ryzen 7 7435HS                             ,16,22.40,23.82,20.05,84.17,98,N/A,NVIDIA GeForce RTX 2050
20251215_204517,AMD Ryzen 7 7435HS                             ,16,23.84,23.82,20.10,84.38,98,N/A,NVIDIA GeForce RTX 2050
20251215_204526,AMD Ryzen 7 7435HS                             ,16,24.70,23.82,20.14,84.55,98,N/A,NVIDIA GeForce RTX 2050
20251215_204534,AMD Ryzen 7 7435HS                             ,16,23.22,23.82,20.23,84.93,98,N/A,NVIDIA GeForce RTX 2050
20251215_204543,AMD Ryzen 7 7435HS                             ,16,18.88,23.82,20.08,84.30,98,N/A,NVIDIA GeForce RTX 2050
20251215_204551,AMD Ryzen 7 7435HS                             ,16,21.78,23.82,20.15,84.59,98,N/A,NVIDIA GeForce RTX 2050
20251215_204600,AMD Ryzen 7 7435HS                             ,16,21.02,23.82,20.26,85.05,98,N/A,NVIDIA GeForce RTX 2050
20251215_204609,AMD Ryzen 7 7435HS                             ,16,25.38,23.82,20.10,84.38,98,N/A,NVIDIA GeForce RTX 2050
20251215_204617,AMD Ryzen 7 7435HS                             ,16,29.19,23.82,19.86,83.38,98,N/A,NVIDIA GeForce RTX 2050
20251215_204626,AMD Ryzen 7 7435HS                             ,16,28.04,23.82,19.95,83.75,98,N/A,NVIDIA GeForce RTX 2050
20251215_204634,AMD Ryzen 7 7435HS                             ,16,20.61,23.82,20.03,84.09,98,N/A,NVIDIA GeForce RTX 2050
20251215_204643,AMD Ryzen 7 7435HS                             ,16,16.63,23.82,19.92,83.63,98,N/A,NVIDIA GeForce RTX 2050
20251215_204652,AMD Ryzen 7 7435HS                             ,16,18.16,23.82,19.96,83.80,98,N/A,NVIDIA GeForce RTX 2050
20251215_204700,AMD Ryzen 7 7435HS                             ,16,15.69,23.82,20.03,84.09,98,N/A,NVIDIA GeForce RTX 2050
20251215_204709,AMD Ryzen 7 7435HS                             ,16,19.72,23.82,20.08,84.30,98,N/A,NVIDIA GeForce RTX 2050
20251215_204717,AMD Ryzen 7 7435HS                             ,16,20.62,23.82,19.90,83.54,98,N/A,NVIDIA GeForce RTX 2050
20251215_204726,AMD Ryzen 7 7435HS                             ,16,17.04,23.82,19.93,83.67,98,N/A,NVIDIA GeForce RTX 2050
20251215_204734,AMD Ryzen 7 7435HS                             ,16,16.88,23.82,20.01,84.01,98,N/A,NVIDIA GeForce RTX 2050
20251215_204743,AMD Ryzen 7 7435HS                             ,16,17.94,23.82,19.95,83.75,98,N/A,NVIDIA GeForce RTX 2050
20251215_204751,AMD Ryzen 7 7435HS                             ,16,17.03,23.82,19.92,83.63,98,N/A,NVIDIA GeForce RTX 2050
20251215_204800,AMD Ryzen 7 7435HS                             ,16,19.14,23.82,19.98,83.88,98,N/A,NVIDIA GeForce RTX 2050
20251215_204808,AMD Ryzen 7 7435HS                             ,16,19.99,23.82,20.05,84.17,98,N/A,NVIDIA GeForce RTX 2050
20251215_204817,AMD Ryzen 7 7435HS                             ,16,16.01,23.82,19.90,83.54,98,N/A,NVIDIA GeForce RTX 2050
20251215_204825,AMD Ryzen 7 7435HS                             ,16,16.27,23.82,19.96,83.80,98,N/A,NVIDIA GeForce RTX 2050
20251215_204834,AMD Ryzen 7 7435HS                             ,16,16.29,23.82,20.02,84.05,98,N/A,NVIDIA GeForce RTX 2050
20251215_204842,AMD Ryzen 7 7435HS                             ,16,15.91,23.82,20.09,84.34,98,N/A,NVIDIA GeForce RTX 2050
20251215_204851,AMD Ryzen 7 7435HS                             ,16,19.29,23.82,19.90,83.54,98,N/A,NVIDIA GeForce RTX 2050
20251215_204859,AMD Ryzen 7 7435HS                             ,16,21.40,23.82,19.98,83.88,98,N/A,NVIDIA GeForce RTX 2050
20251215_204908,AMD Ryzen 7 7435HS                             ,16,22.63,23.82,20.07,84.26,98,N/A,NVIDIA GeForce RTX 2050
20251215_204916,AMD Ryzen 7 7435HS                             ,16,21.96,23.82,20.02,84.05,98,N/A,NVIDIA GeForce RTX 2050
20251215_204925,AMD Ryzen 7 7435HS                             ,16,21.86,23.82,20.01,84.01,98,N/A,NVIDIA GeForce RTX 2050
20251215_204933,AMD Ryzen 7 7435HS                             ,16,24.57,23.82,20.09,84.34,98,N/A,NVIDIA GeForce RTX 2050
20251215_204942,AMD Ryzen 7 7435HS                             ,16,24.90,23.82,20.16,84.63,98,N/A,NVIDIA GeForce RTX 2050
20251215_204951,AMD Ryzen 7 7435HS                             ,16,25.98,23.82,20.04,84.13,98,N/A,NVIDIA GeForce RTX 2050
20251215_204959,AMD Ryzen 7 7435HS                             ,16,20.45,23.82,20.10,84.38,98,N/A,NVIDIA GeForce RTX 2050
20251215_205008,AMD Ryzen 7 7435HS                             ,16,21.28,23.82,20.17,84.68,98,N/A,NVIDIA GeForce RTX 2050
20251215_205016,AMD Ryzen 7 7435HS                             ,16,21.17,23.82,20.24,84.97,98,N/A,NVIDIA GeForce RTX 2050
20251215_205025,AMD Ryzen 7 7435HS                             ,16,23.15,23.82,20.08,84.30,98,N/A,NVIDIA GeForce RTX 2050
20251215_205033,AMD Ryzen 7 7435HS                             ,16,23.97,23.82,20.17,84.68,98,N/A,NVIDIA GeForce RTX 2050
20251215_205042,AMD Ryzen 7 7435HS                             ,16,24.75,23.82,20.24,84.97,98,N/A,NVIDIA GeForce RTX 2050
20251215_205050,AMD Ryzen 7 7435HS                             ,16,20.99,23.82,20.20,84.80,98,N/A,NVIDIA GeForce RTX 2050
20251215_205059,AMD Ryzen 7 7435HS                             ,16,18.16,23.82,20.19,84.76,98,N/A,NVIDIA GeForce RTX 2050
20251215_205107,AMD Ryzen 7 7435HS                             ,16,18.94,23.82,20.18,84.72,98,N/A,NVIDIA GeForce RTX 2050
20251215_205116,AMD Ryzen 7 7435HS                             ,16,25.70,23.82,19.91,83.59,98,N/A,NVIDIA GeForce RTX 2050
20251215_205124,AMD Ryzen 7 7435HS                             ,16,27.29,23.82,19.35,81.23,98,N/A,NVIDIA GeForce RTX 2050
20251215_205133,AMD Ryzen 7 7435HS                             ,16,26.55,23.82,19.42,81.53,98,N/A,NVIDIA GeForce RTX 2050
20251215_205141,AMD Ryzen 7 7435HS                             ,16,22.72,23.82,19.38,81.36,98,N/A,NVIDIA GeForce RTX 2050
20251215_205150,AMD Ryzen 7 7435HS                             ,16,21.91,23.82,19.61,82.33,98,N/A,NVIDIA GeForce RTX 2050
20251215_205158,AMD Ryzen 7 7435HS                             ,16,14.49,23.82,19.38,81.36,98,N/A,NVIDIA GeForce RTX 2050
20251215_205207,AMD Ryzen 7 7435HS                             ,16,15.40,23.82,19.42,81.53,98,N/A,NVIDIA GeForce RTX 2050
20251215_205215,AMD Ryzen 7 7435HS                             ,16,14.59,23.82,19.50,81.86,98,N/A,NVIDIA GeForce RTX 2050
20251215_205223,AMD Ryzen 7 7435HS                             ,16,16.05,23.82,19.36,81.28,98,N/A,NVIDIA GeForce RTX 2050
20251215_205232,AMD Ryzen 7 7435HS                             ,16,15.84,23.82,19.29,80.98,98,N/A,NVIDIA GeForce RTX 2050
20251215_205240,AMD Ryzen 7 7435HS                             ,16,13.58,23.82,19.39,81.40,98,N/A,NVIDIA GeForce RTX 2050
20251215_205249,AMD Ryzen 7 7435HS                             ,16,19.58,23.82,19.52,81.95,98,N/A,NVIDIA GeForce RTX 2050
20251215_205257,AMD Ryzen 7 7435HS                             ,16,14.32,23.82,19.31,81.07,98,N/A,NVIDIA GeForce RTX 2050
20251215_205306,AMD Ryzen 7 7435HS                             ,16,14.48,23.82,19.36,81.28,98,N/A,NVIDIA GeForce RTX 2050
20251215_205314,AMD Ryzen 7 7435HS                             ,16,13.58,23.82,19.39,81.40,98,N/A,NVIDIA GeForce RTX 2050
20251215_205322,AMD Ryzen 7 7435HS                             ,16,13.05,23.82,19.45,81.65,98,N/A,NVIDIA GeForce RTX 2050
20251215_205331,AMD Ryzen 7 7435HS                             ,16,20.81,23.82,18.31,76.87,98,N/A,NVIDIA GeForce RTX 2050
20251215_205339,AMD Ryzen 7 7435HS                             ,16,13.25,23.82,18.39,77.20,98,N/A,NVIDIA GeForce RTX 2050
20251215_205348,AMD Ryzen 7 7435HS                             ,16,13.07,23.82,18.47,77.54,98,N/A,NVIDIA GeForce RTX 2050
20251215_205356,AMD Ryzen 7 7435HS                             ,16,13.90,23.82,18.35,77.04,98,N/A,NVIDIA GeForce RTX 2050
20251215_205405,AMD Ryzen 7 7435HS                             ,16,12.65,23.82,18.39,77.20,98,N/A,NVIDIA GeForce RTX 2050
20251215_205413,AMD Ryzen 7 7435HS                             ,16,13.51,23.82,18.47,77.54,98,N/A,NVIDIA GeForce RTX 2050
20251215_205421,AMD Ryzen 7 7435HS                             ,16,13.19,23.82,18.55,77.88,98,N/A,NVIDIA GeForce RTX 2050
20251215_205430,AMD Ryzen 7 7435HS                             ,16,13.28,23.82,18.38,77.16,98,N/A,NVIDIA GeForce RTX 2050
20251215_205438,AMD Ryzen 7 7435HS                             ,16,14.36,23.82,18.45,77.46,98,N/A,NVIDIA GeForce RTX 2050
20251215_205447,AMD Ryzen 7 7435HS                             ,16,13.95,23.82,18.50,77.67,98,N/A,NVIDIA GeForce RTX 2050
20251215_205455,AMD Ryzen 7 7435HS                             ,16,13.33,23.82,18.58,78.00,98,N/A,NVIDIA GeForce RTX 2050
20251215_205504,AMD Ryzen 7 7435HS                             ,16,14.45,23.82,18.38,77.16,98,N/A,NVIDIA GeForce RTX 2050
20251215_205512,AMD Ryzen 7 7435HS                             ,16,13.01,23.82,18.44,77.41,98,N/A,NVIDIA GeForce RTX 2050
20251215_205520,AMD Ryzen 7 7435HS                             ,16,13.47,23.82,18.52,77.75,98,N/A,NVIDIA GeForce RTX 2050
20251215_205529,AMD Ryzen 7 7435HS                             ,16,14.17,23.82,18.38,77.16,98,N/A,NVIDIA GeForce RTX 2050
20251215_205537,AMD Ryzen 7 7435HS                             ,16,13.49,23.82,18.45,77.46,98,N/A,NVIDIA GeForce RTX 2050
20251215_205545,AMD Ryzen 7 7435HS                             ,16,14.46,23.82,18.51,77.71,98,N/A,NVIDIA GeForce RTX 2050
20251215_205554,AMD Ryzen 7 7435HS                             ,16,12.59,23.82,18.59,78.04,98,N/A,NVIDIA GeForce RTX 2050
20251215_205602,AMD Ryzen 7 7435HS                             ,16,16.52,23.82,18.47,77.54,98,N/A,NVIDIA GeForce RTX 2050
20251215_205611,AMD Ryzen 7 7435HS                             ,16,13.92,23.82,18.38,77.16,98,N/A,NVIDIA GeForce RTX 2050
20251215_205619,AMD Ryzen 7 7435HS                             ,16,19.68,23.82,17.49,73.43,98,N/A,NVIDIA GeForce RTX 2050
20251215_205627,AMD Ryzen 7 7435HS                             ,16,13.90,23.82,17.53,73.59,98,N/A,NVIDIA GeForce RTX 2050
20251215_205636,AMD Ryzen 7 7435HS                             ,16,15.26,23.82,17.34,72.80,98,N/A,NVIDIA GeForce RTX 2050
20251215_205644,AMD Ryzen 7 7435HS                             ,16,12.69,23.82,17.41,73.09,98,N/A,NVIDIA GeForce RTX 2050
20251215_205653,AMD Ryzen 7 7435HS                             ,16,12.99,23.82,17.48,73.38,98,N/A,NVIDIA GeForce RTX 2050
20251215_205701,AMD Ryzen 7 7435HS                             ,16,14.19,23.82,17.33,72.75,98,N/A,NVIDIA GeForce RTX 2050
20251215_205710,AMD Ryzen 7 7435HS                             ,16,10.38,23.82,17.44,73.22,98,N/A,NVIDIA GeForce RTX 2050
20251215_211504,AMD Ryzen 7 7435HS                             ,16,0.62,23.82,17.85,74.94,98,N/A,NVIDIA GeForce RTX 2050
20251215_211512,AMD Ryzen 7 7435HS                             ,16,19.21,23.82,17.96,75.40,98,N/A,NVIDIA GeForce RTX 2050
20251215_211521,AMD Ryzen 7 7435HS                             ,16,27.66,23.82,18.12,76.07,98,N/A,NVIDIA GeForce RTX 2050
20251215_211529,AMD Ryzen 7 7435HS                             ,16,20.97,23.82,17.99,75.52,98,N/A,NVIDIA GeForce RTX 2050
20251215_211538,AMD Ryzen 7 7435HS                             ,16,18.95,23.82,18.01,75.61,98,N/A,NVIDIA GeForce RTX 2050
20251215_211546,AMD Ryzen 7 7435HS                             ,16,27.00,23.82,18.36,77.08,98,N/A,NVIDIA GeForce RTX 2050
20251215_211555,AMD Ryzen 7 7435HS                             ,16,17.21,23.82,18.41,77.29,98,N/A,NVIDIA GeForce RTX 2050
20251215_211604,AMD Ryzen 7 7435HS                             ,16,32.41,23.82,18.39,77.20,98,N/A,NVIDIA GeForce RTX 2050
20251215_211612,AMD Ryzen 7 7435HS                             ,16,26.74,23.82,18.44,77.41,98,N/A,NVIDIA GeForce RTX 2050
20251215_211621,AMD Ryzen 7 7435HS                             ,16,28.18,23.82,18.52,77.75,98,N/A,NVIDIA GeForce RTX 2050
20251215_211629,AMD Ryzen 7 7435HS                             ,16,22.00,23.82,18.37,77.12,98,N/A,NVIDIA GeForce RTX 2050
20251215_211638,AMD Ryzen 7 7435HS                             ,16,26.20,23.82,17.19,72.17,98,N/A,NVIDIA GeForce RTX 2050
20251215_225305,AMD Ryzen 7 7435HS                             ,16,0,23.82,9.71,40.76,95,N/A,NVIDIA GeForce RTX 2050
20251215_225312,AMD Ryzen 7 7435HS                             ,16,6.51,23.82,9.77,41.02,95,N/A,NVIDIA GeForce RTX 2050
20251215_225319,AMD Ryzen 7 7435HS                             ,16,11.40,23.82,9.79,41.10,95,N/A,NVIDIA GeForce RTX 2050
20251215_225346,AMD Ryzen 7 7435HS                             ,16,0,23.82,9.60,40.30,95,N/A,NVIDIA GeForce RTX 2050
20251215_225352,AMD Ryzen 7 7435HS                             ,16,6.44,23.82,9.57,40.18,95,N/A,NVIDIA GeForce RTX 2050
20251215_225400,AMD Ryzen 7 7435HS                             ,16,6.99,23.82,9.64,40.47,95,N/A,NVIDIA GeForce RTX 2050
20251215_225407,AMD Ryzen 7 7435HS                             ,16,6.47,23.82,9.60,40.30,95,N/A,NVIDIA GeForce RTX 2050
20251215_234502,AMD Ryzen 7 7435HS                             ,16,0,23.82,9.97,41.86,96,N/A,NVIDIA GeForce RTX 2050
20251215_234509,AMD Ryzen 7 7435HS                             ,16,8.98,23.82,10.05,42.19,96,N/A,NVIDIA GeForce RTX 2050
20251215_235301,AMD Ryzen 7 7435HS                             ,16,0,23.82,9.96,41.81,96,N/A,NVIDIA GeForce RTX 2050
20251215_235309,AMD Ryzen 7 7435HS                             ,16,6.52,23.82,9.99,41.94,96,N/A,NVIDIA GeForce RTX 2050
20251215_235316,AMD Ryzen 7 7435HS                             ,16,13.01,23.82,10.17,42.70,96,N/A,NVIDIA GeForce RTX 2050
20251215_235324,AMD Ryzen 7 7435HS                             ,16,9.80,23.82,10.25,43.03,96,N/A,NVIDIA GeForce RTX 2050
20251215_235332,AMD Ryzen 7 7435HS                             ,16,8.13,23.82,10.29,43.20,96,N/A,NVIDIA GeForce RTX 2050
20251215_235340,AMD Ryzen 7 7435HS                             ,16,8.22,23.82,10.38,43.58,96,N/A,NVIDIA GeForce RTX 2050
20251215_235347,AMD Ryzen 7 7435HS                             ,16,7.93,23.82,10.16,42.65,96,N/A,NVIDIA GeForce RTX 2050
20251215_235355,AMD Ryzen 7 7435HS                             ,16,7.23,23.82,10.21,42.86,96,N/A,NVIDIA GeForce RTX 2050
20251215_235403,AMD Ryzen 7 7435HS                             ,16,15.52,23.82,10.31,43.28,96,N/A,NVIDIA GeForce RTX 2050
20251215_235411,AMD Ryzen 7 7435HS                             ,16,17.77,23.82,10.51,44.12,96,N/A,NVIDIA GeForce RTX 2050
20251215_235419,AMD Ryzen 7 7435HS                             ,16,17.91,23.82,10.26,43.07,96,N/A,NVIDIA GeForce RTX 2050
20251215_235427,AMD Ryzen 7 7435HS                             ,16,14.03,23.82,9.69,40.68,96,N/A,NVIDIA GeForce RTX 2050
20251215_235435,AMD Ryzen 7 7435HS                             ,16,14.46,23.82,9.78,41.06,96,N/A,NVIDIA GeForce RTX 2050
20251215_235442,AMD Ryzen 7 7435HS                             ,16,12.85,23.82,9.80,41.14,96,N/A,NVIDIA GeForce RTX 2050
20251215_235450,AMD Ryzen 7 7435HS                             ,16,13.31,23.82,9.63,40.43,96,N/A,NVIDIA GeForce RTX 2050
20251215_235458,AMD Ryzen 7 7435HS                             ,16,12.60,23.82,9.70,40.72,96,N/A,NVIDIA GeForce RTX 2050
20251215_235506,AMD Ryzen 7 7435HS                             ,16,12.89,23.82,9.75,40.93,96,N/A,NVIDIA GeForce RTX 2050
20251215_235514,AMD Ryzen 7 7435HS                             ,16,15.53,23.82,9.79,41.10,96,N/A,NVIDIA GeForce RTX 2050
20251215_235522,AMD Ryzen 7 7435HS                             ,16,11.82,23.82,9.60,40.30,96,N/A,NVIDIA GeForce RTX 2050
20251215_235530,AMD Ryzen 7 7435HS                             ,16,10.86,23.82,9.64,40.47,96,N/A,NVIDIA GeForce RTX 2050
20251215_235537,AMD Ryzen 7 7435HS                             ,16,11.64,23.82,9.70,40.72,96,N/A,NVIDIA GeForce RTX 2050
20251215_235545,AMD Ryzen 7 7435HS                             ,16,10.98,23.82,9.77,41.02,96,N/A,NVIDIA GeForce RTX 2050
20251215_235553,AMD Ryzen 7 7435HS                             ,16,11.59,23.82,9.60,40.30,96,N/A,NVIDIA GeForce RTX 2050
20251215_235601,AMD Ryzen 7 7435HS                             ,16,11.52,23.82,9.64,40.47,96,N/A,NVIDIA GeForce RTX 2050
20251215_235608,AMD Ryzen 7 7435HS                             ,16,10.22,23.82,9.72,40.81,96,N/A,NVIDIA GeForce RTX 2050
20251215_235616,AMD Ryzen 7 7435HS                             ,16,11.09,23.82,9.78,41.06,96,N/A,NVIDIA GeForce RTX 2050
20251215_235624,AMD Ryzen 7 7435HS                             ,16,7.59,23.82,9.59,40.26,96,N/A,NVIDIA GeForce RTX 2050
20251215_235632,AMD Ryzen 7 7435HS                             ,16,12.06,23.82,9.63,40.43,96,N/A,NVIDIA GeForce RTX 2050
20251215_235640,AMD Ryzen 7 7435HS                             ,16,9.44,23.82,9.69,40.68,96,N/A,NVIDIA GeForce RTX 2050
20251215_235648,AMD Ryzen 7 7435HS                             ,16,10.69,23.82,9.77,41.02,96,N/A,NVIDIA GeForce RTX 2050
20251215_235655,AMD Ryzen 7 7435HS                             ,16,12.11,23.82,9.58,40.22,96,N/A,NVIDIA GeForce RTX 2050
20251215_235703,AMD Ryzen 7 7435HS                             ,16,7.97,23.82,9.65,40.51,96,N/A,NVIDIA GeForce RTX 2050
20251215_235711,AMD Ryzen 7 7435HS                             ,16,10.17,23.82,9.69,40.68,96,N/A,NVIDIA GeForce RTX 2050
20251215_235719,AMD Ryzen 7 7435HS                             ,16,11.05,23.82,9.77,41.02,96,N/A,NVIDIA GeForce RTX 2050
20251215_235727,AMD Ryzen 7 7435HS                             ,16,11.34,23.82,9.58,40.22,96,N/A,NVIDIA GeForce RTX 2050
20251215_235734,AMD Ryzen 7 7435HS                             ,16,10.43,23.82,9.64,40.47,96,N/A,NVIDIA GeForce RTX 2050
20251215_235742,AMD Ryzen 7 7435HS                             ,16,7.68,23.82,9.68,40.64,96,N/A,NVIDIA GeForce RTX 2050
20251215_235750,AMD Ryzen 7 7435HS                             ,16,10.36,23.82,9.76,40.97,96,N/A,NVIDIA GeForce RTX 2050
20251215_235758,AMD Ryzen 7 7435HS                             ,16,11.47,23.82,9.56,40.13,96,N/A,NVIDIA GeForce RTX 2050
20251215_235806,AMD Ryzen 7 7435HS                             ,16,11.78,23.82,9.64,40.47,96,N/A,NVIDIA GeForce RTX 2050
20251215_235814,AMD Ryzen 7 7435HS                             ,16,11.13,23.82,9.69,40.68,96,N/A,NVIDIA GeForce RTX 2050
20251216_002526,AMD Ryzen 7 7435HS                             ,16,0.30,23.82,9.85,41.35,96,N/A,NVIDIA GeForce RTX 2050
20251216_002534,AMD Ryzen 7 7435HS                             ,16,21.34,23.82,9.98,41.90,96,N/A,NVIDIA GeForce RTX 2050
20251216_002542,AMD Ryzen 7 7435HS                             ,16,0,23.82,10.02,42.07,96,N/A,NVIDIA GeForce RTX 2050
20251216_002549,AMD Ryzen 7 7435HS                             ,16,10.66,23.82,10.08,42.32,96,N/A,NVIDIA GeForce RTX 2050
20251216_002655,AMD Ryzen 7 7435HS                             ,16,0,23.82,9.99,41.94,96,N/A,NVIDIA GeForce RTX 2050
20251216_002702,AMD Ryzen 7 7435HS                             ,16,24.02,23.82,10.27,43.12,96,N/A,NVIDIA GeForce RTX 2050
20251216_003612,AMD Ryzen 7 7435HS                             ,16,0,23.82,10.99,46.14,96,N/A,NVIDIA GeForce RTX 2050
20251216_003620,AMD Ryzen 7 7435HS                             ,16,7.72,23.82,10.99,46.14,96,N/A,NVIDIA GeForce RTX 2050
20251216_003640,AMD Ryzen 7 7435HS                             ,16,0,23.82,10.99,46.14,96,N/A,NVIDIA GeForce RTX 2050
20251216_004022,AMD Ryzen 7 7435HS                             ,16,0,23.82,10.99,46.14,96,N/A,NVIDIA GeForce RTX 2050
20251216_004057,AMD Ryzen 7 7435HS                             ,16,0,23.82,11.00,46.18,96,N/A,NVIDIA GeForce RTX 2050
20251216_004352,AMD Ryzen 7 7435HS                             ,16,0,23.82,11.08,46.52,96,47.9C,NVIDIA GeForce RTX 2050
20251216_004400,AMD Ryzen 7 7435HS                             ,16,6.38,23.82,11.10,46.60,96,46.9C,NVIDIA GeForce RTX 2050
20251216_004423,AMD Ryzen 7 7435HS                             ,16,0,23.82,11.03,46.31,96,44.9C,NVIDIA GeForce RTX 2050
20251216_004431,AMD Ryzen 7 7435HS                             ,16,7.26,23.82,11.09,46.56,96,43.9C,NVIDIA GeForce RTX 2050
20251216_004439,AMD Ryzen 7 7435HS                             ,16,7.57,23.82,11.11,46.64,96,45.9C,NVIDIA GeForce RTX 2050
20251216_005041,AMD Ryzen 7 7435HS                             ,16,0,23.82,11.05,46.39,96,44.9C,NVIDIA GeForce RTX 2050
=======
20251214_223525,12th Gen Intel(R) Core(TM) i5-12500H,16,10.54,23.63,10.23,43.29,60,N/A,NVIDIA GeForce RTX 3050 Laptop GPU
20251214_224652,12th Gen Intel(R) Core(TM) i5-12500H,16,0,23.63,11.19,47.36,60,N/A,NVIDIA GeForce RTX 3050 Laptop GPU
20251214_224724,12th Gen Intel(R) Core(TM) i5-12500H,16,19.91,23.63,11.20,47.40,60,N/A,NVIDIA GeForce RTX 3050 Laptop GPU
20251214_225147,12th Gen Intel(R) Core(TM) i5-12500H,16,0,23.63,11.75,49.72,61,N/A,NVIDIA GeForce RTX 3050 Laptop GPU
20251214_225352,12th Gen Intel(R) Core(TM) i5-12500H,16,0,23.63,12.03,50.91,61,N/A,NVIDIA GeForce RTX 3050 Laptop GPU
20251214_225427,12th Gen Intel(R) Core(TM) i5-12500H,16,27.32,23.63,12.84,54.34,61,N/A,NVIDIA GeForce RTX 3050 Laptop GPU
20251214_225740,12th Gen Intel(R) Core(TM) i5-12500H,16,0,23.63,12.61,53.36,61,N/A,NVIDIA GeForce RTX 3050 Laptop GPU
20251214_230048,12th Gen Intel(R) Core(TM) i5-12500H,16,0,23.63,12.86,54.42,61,N/A,NVIDIA GeForce RTX 3050 Laptop GPU
20251214_230811,12th Gen Intel(R) Core(TM) i5-12500H,16,0,23.63,12.47,52.77,61,N/A,NVIDIA GeForce RTX 3050 Laptop GPU
>>>>>>> fa9881ae04ef4b0fb17f94636f7c6f8a712acbbe
